"id","name","email","phone","model","departuredate","returndate"
1,"sathya","sathya54@gmail.com","1234567890","Audi A7","2021-10-03 11:30:00+05:30","2021-10-05 23:30:00+05:30"
4,"Anand","anand@gmail.com","9873562345","Phantom","2021-10-07 17:30:00+05:30","2021-10-10 11:30:00+05:30"
5,"a","a@gmail.com","123546576","bmw","2021-10-13 17:20:00+05:30","2021-10-16 17:20:00+05:30"
6,"ashok","ashok@gmail.com","765478973","bmw GT","2021-10-16 18:36:00+05:30","2021-10-19 10:36:00+05:30"
7,"sathyaseelan","sathya@gmail.com","3456789012","ghost","2021-10-10 01:19:00+05:30","2021-10-12 01:19:00+05:30"
9,"Anandraj","anandraj@gmail.com","987456781","phantom","2021-10-10 04:02:00+05:30","2021-10-13 04:02:00+05:30"
10,"Sathya","sathya54@gmail.com","8796578901","Ghost","2021-10-11 04:16:00+05:30","2021-10-15 05:16:00+05:30"
11,"siva","siva@gmail.com","9807893450","Audi A7","2021-10-10 19:02:00+05:30","2021-10-12 20:02:00+05:30"
12,"Kalai","kalai07@gmail.com","9850483791","Jeep","2021-10-15 21:13:00+05:30","2021-10-25 21:13:00+05:30"
13,"sabari","sabari@gmail.com","9876808765","bmw","2021-10-16 18:21:00+05:30","2021-10-23 19:18:00+05:30"
14,"ram","ram@gmail.com","8796543567","swift","2021-10-16 17:02:00+05:30","2021-10-19 17:02:00+05:30"
15,"abi","abi@gmail.com","9087690456","Honda city","2021-10-17 17:03:00+05:30","2021-10-24 17:03:00+05:30"
16,"gugan","gugan@gmail.com","8975678943","KIA","2021-10-23 17:04:00+05:30","2021-10-24 17:04:00+05:30"
17,"Ashok","ashok@gmail.com","9082456789","MG","2021-10-24 17:04:00+05:30","2021-10-29 17:04:00+05:30"
18,"Tamil","tamil@gmail.com","6785467890","Ford","2021-10-20 17:05:00+05:30","2021-10-22 17:05:00+05:30"
19,"logesh","logesh@gmail.com","6780345906","MG","2021-10-23 17:06:00+05:30","2021-10-30 17:06:00+05:30"
20,"raj","raj@gmail.com","7834609874","Honda City","2021-10-16 10:07:00+05:30","2021-10-22 08:07:00+05:30"
21,"Mani","mani@gmail.com","6570275981","Swift","2021-10-17 17:08:00+05:30","2021-10-22 09:08:00+05:30"
22,"Rajesh","rajesh@gmail.com","8956703456","Ghost","2021-10-15 16:09:00+05:30","2021-10-31 10:09:00+05:30"
23,"abitha","abitha@gmail.com","7894560984","MG","2021-10-30 16:11:00+05:30","2021-10-31 10:11:00+05:30"
24,"akash","akash@gmail.com","7680987656","jeep","2021-10-31 11:13:00+05:30","2021-11-10 10:13:00+05:30"
25,"maran","maran@gmail.com","6789023456","bmw Gt","2021-10-31 11:14:00+05:30","2021-11-11 07:14:00+05:30"
